,mean,se_mean,sd,2.5%,25%,50%,75%,97.5%,n_eff,Rhat
gr_alpha,1.36913535719884,0.02074700904327799,0.8373459580183146,-0.2532528604736366,0.7944558061307427,1.3745103909630567,1.9547481351180482,3.0160152416737813,1628.9166558520524,0.9999565090358966
gr_side,0.1716244344096448,0.0692867187427038,0.6718060080034284,-1.2105074218547407,-0.2746793623922204,0.20625360121316644,0.664905711147223,1.3565356032615365,94.01297102456758,1.0509007970829733
gr_sigma,6.3924217012496705,0.0245272752047122,1.068631079387771,4.309529011758728,5.676875693189239,6.408583385772561,7.149863793764428,8.520624763760187,1898.2656692913367,1.0020647977286385
gr_sd[1],9.353622607967345,0.03646516886364523,1.0437205653499748,7.471493533315088,8.608390123048645,9.323952504883064,10.032575619763561,11.523494356170776,819.2416499981653,0.9989994775167461
gr_sd[2],1.0271925013733467,0.09016477786322626,0.5421720893657852,0.337786058506923,0.6297492902056507,0.8843013261105899,1.3188140781064024,2.3390069781710934,36.15767352967121,1.1016637867440375
gr_sd[3],13.701799437788404,0.037034144193728316,1.2468543702885673,11.393632951170275,12.87784412687429,13.636136323364617,14.526538107975616,16.215981862726785,1133.5138665929546,1.0037505125500905
alpha[1],7.398538120666269,0.14016489548658045,7.213917253605525,-7.015411952227503,2.559519380599434,7.401975364903215,12.172478848210476,22.008843759295807,2648.8892321996077,0.9985975411008129
alpha[2],27.634842729693425,0.14444744703061563,6.218649890549425,15.767341431301084,23.49401296772183,27.50053022660686,31.709442873670262,40.66055627645154,1853.414142113286,0.9995995803872978
alpha[3],5.185513543632223,0.13429077707042347,6.819449544745064,-8.245246551999454,0.6043934398283234,5.05630954920136,9.702287569766703,18.849291413898015,2578.7323427757465,0.9990697810944523
alpha[4],2.9278062076116114,0.13328478623150722,6.530928458870939,-9.828776576004833,-1.2572686336846406,2.8168773065335846,7.28089992232862,15.642920659224075,2400.9808342023116,0.9994383641854607
alpha[5],9.287204251949206,0.14521971735442105,7.136935006981625,-4.964276035242394,4.596302063885216,9.392430805884967,13.89462930215771,23.416270414005467,2415.3068296534107,0.9986972650721451
alpha[6],-8.314034782027317,0.1455327946273721,7.032576692286291,-22.699737261929037,-12.790615378873614,-8.17461727926808,-3.595533741172507,5.154851608003178,2335.109312404589,0.9986411860717153
alpha[7],7.003433526758062,0.1402919237437719,7.461748877945442,-7.314737527962286,2.0878795371919128,7.018116317714515,11.985025244707344,21.966244654170374,2828.8890649414407,0.9990194225526334
alpha[8],14.79520810837389,0.13781327830794843,6.555409215995948,2.294505430216264,10.521267581978043,14.700789121539412,18.932190938190242,28.546607180111188,2262.6505577345893,1.0010566029295704
alpha[9],-1.3784394152387889,0.14962732397626208,7.508744804605552,-16.06157079468254,-6.404862514571873,-1.1886465834788875,3.4718977778617304,13.420676513259782,2518.3313462186597,0.9995486712905408
alpha[10],13.712183774351939,0.15115465284733076,7.3396668660177085,-1.1052819653207326,8.848025723832729,13.711169999197761,18.729636194090734,28.81892542941479,2357.8146222598425,1.0000620993997456
alpha[11],9.786245446632723,0.14588693820545146,6.274084107714239,-2.3750435289607745,5.736917186063638,9.675466210512397,13.859550631991326,22.619961810448856,1849.557568154687,0.9995046544745265
alpha[12],7.570917491224476,0.13535858086364524,6.649207132357326,-6.02821768503228,3.540878180355606,7.597130703457193,11.681812221447696,20.922921476079722,2413.0601031377537,1.000353498986228
alpha[13],0.6670457979718981,0.12297074749591169,6.504930582140071,-12.036912887464478,-3.732046968450227,0.5166801553155391,4.870303275108949,13.658170186440381,2798.2190358114276,0.9991345504260928
alpha[14],-1.6285107074005618,0.13011388871461363,6.5567117547570675,-15.25580811976683,-5.810750450575854,-1.5668016753649538,2.664902593359752,10.829811491795473,2539.3634815774994,0.999301432893329
alpha[15],2.9765600203850915,0.155528974945208,7.02105894164979,-11.071789823733798,-1.6832925665162022,2.896716102832863,7.588438126698856,16.74389432970704,2037.8988232590862,1.0015769365182803
alpha[16],2.813946046047815,0.13140311992937098,6.361437385192467,-9.792390955726288,-1.2988232000352196,2.569588937129132,6.906565203959069,15.847938281924975,2343.6845651828944,0.9989594981754473
alpha[17],16.992806325859515,0.15761463446805263,6.8680606573859295,3.6448403698341023,12.525043091622017,16.890046218146367,21.422323918164338,30.7375801666045,1898.7822619193714,0.9991239150571279
alpha[18],5.2599614735833224,0.21121117501156914,7.461621553838655,-9.123159049716389,0.10284948109744349,5.113867250301548,10.11166053268646,20.35425037408372,1248.051915782776,1.0011502980612568
alpha[19],-7.029325922134351,0.16993032941975073,8.215437830012938,-23.50951201505333,-12.61560912077838,-6.888059825527121,-1.5245731553955002,9.076302025955286,2337.3278203634864,1.000864326265349
alpha[20],12.326578214649587,0.15183218779081467,6.42791289317159,0.07827564009418718,7.771083914159678,12.317790431712645,16.667259398303585,25.061785682282675,1792.306442342202,1.000418116832167
alpha[21],-9.804904888030286,0.1760086493292395,7.834976448017957,-25.086616727806415,-15.067719562569536,-9.792358466828208,-4.513638641670395,5.663932422012862,1981.5606535620323,0.9988102481997314
alpha[22],2.8381475071374336,0.14476662511645308,6.910114577872833,-10.866328767375483,-1.5121682962587055,2.7737224722093243,7.266539320812017,16.961638948871222,2278.4190184108043,1.0008110355613002
alpha[23],5.397783911691833,0.1477895392882873,6.562514079463317,-7.498400321439023,1.1382557212379854,5.443441081161693,9.708991384257704,18.608156041020393,1971.7557035678767,0.9994536179638754
alpha[24],9.702606029736751,0.14368875878665968,7.2563546644898915,-4.700630838981876,5.128432080642664,9.520197965696408,14.257233847356138,24.21658030298932,2550.3008526805324,0.9995755686605481
alpha[25],9.716976351749892,0.11506404355117077,6.135572635509506,-2.1806300660251106,5.505306871789458,9.584962553794725,13.570428512901923,22.471581964235728,2843.354045414679,0.9985324732905575
alpha[26],-9.869131210206419,0.15835195157025994,7.592956375116706,-24.70480413811798,-14.89714600638299,-10.043972548321427,-4.825472797111688,5.287176532086594,2299.190567818054,1.000997989407858
alpha[27],-3.8835786801961945,0.11197332777293445,6.018532649566747,-15.897766029095123,-7.70675631419718,-3.933542029148177,-0.022721010947348942,8.138226005613507,2889.0301289034164,1.0005946700280954
alpha[28],-7.089646021831453,0.18897592420493847,8.233825191840078,-23.758604808491413,-12.521011609905042,-6.913234367698107,-1.8013605959346441,9.8555181018523,1898.41138176231,1.00209197132242
alpha[29],30.499896998185097,0.12392292857822909,4.929062534635781,20.694706936176814,27.362093402126963,30.657550362270342,33.742643809454776,40.19489177670829,1582.0686315030414,0.9995305547044515
alpha[30],11.841839614700111,0.1492856183305567,6.895063239821497,-1.315783483935871,7.210714309693712,11.686792628229266,16.47612042149599,25.878613784358368,2133.2441580312147,0.9997329246569389
alpha[31],0.9683632151508084,0.14742057913466458,6.7638378165863315,-12.417675055580496,-3.506122119558607,0.8762058229277476,5.493507106400647,15.009426678717341,2105.0874646114025,1.0007476406055096
alpha[32],-8.779069139617938,0.16773484822009174,6.194848017851555,-21.011718814367377,-13.076099517502676,-8.74297160906776,-4.477502468768723,3.0466895172535855,1364.0010730046017,1.0011821459297046
alpha[33],5.204899810568391,0.12922774160880776,6.779831474855321,-8.749416001874122,0.803484484020782,5.05813433101337,9.59869221897702,18.94753879886032,2752.4934131478244,0.999962488674741
alpha[34],-3.7104009091412604,0.14163301632821287,7.458085697828061,-18.469907836795393,-8.54516458877939,-3.699133161328265,0.9688465100688328,11.871160961479802,2772.845871790865,0.9994228344299485
alpha[35],3.105307861995652,0.13200096736254643,7.08626850290138,-10.929574784749079,-1.6773292555155679,3.2134859321401947,7.737833396399653,17.100914953127333,2881.9137568113897,0.9988003595600672
alpha[36],-3.17587883147818,0.14815667573055044,6.876552914393735,-16.636130772607693,-7.773474153727775,-3.408008433589635,1.317994269317159,11.41334510626649,2154.265014326366,0.9998693616791952
alpha[37],-3.731482045768334,0.13822682879344078,6.832133739113583,-16.98216444470363,-8.175381006877858,-3.6920077929366473,0.5977707051068428,9.92841056151611,2443.025663135594,0.9984849227845377
alpha[38],0.48637469339697975,0.15198279692975128,7.462978369279245,-14.808677706668819,-4.629064517941488,0.5931958405246414,5.541886695212634,15.233387484861368,2411.2125790163623,0.9991182138402148
alpha[39],9.926124327030422,0.1433273542920448,6.687459172619865,-2.710840658789298,5.444690092942285,9.99593496861771,14.27117820993929,23.257266897406918,2177.028521637081,1.0003350495884735
alpha[40],0.4936662429440307,0.1268990542519142,5.887656532141721,-10.902160867345959,-3.283767731851589,0.30285479252588554,4.446409119069245,12.65945872609828,2152.623923128181,1.0014425038219814
alpha[41],4.879748874263636,0.1455895618906025,7.09352397570838,-8.9804849708515,0.10195767605423062,4.889420955793943,9.308474457546229,19.017720916237728,2373.9064673596217,0.9995697339490995
alpha[42],9.35490731220329,0.1309870230107371,7.240303322811907,-4.93744696723245,4.663729478392379,9.353190451547324,13.965952522797608,23.77502345910454,3055.321933356919,0.9981976089815585
alpha[43],3.20147589264545,0.1453414165999384,7.387497713927367,-11.675277317324525,-1.7702789252486588,3.2219842161160837,7.9170115474807865,17.770666285179367,2583.5444699515133,1.0009678376165179
alpha[44],0.854349247348697,0.13145106578061078,6.92386143336556,-12.411495485002657,-3.8879489444911286,0.6949360068343506,5.476746531067119,14.64088669164962,2774.3964003246288,0.9994293233238416
alpha[45],0.7653588754497591,0.15800273954690228,7.92561391427032,-15.047859119521052,-4.430373128127357,0.9986643952740043,5.997411251419601,16.242878572014096,2516.150363556326,0.9995255601801337
alpha[46],-7.913701737857614,0.13543048011485118,7.182126401584202,-22.3513605036936,-12.561156418005389,-7.98839630274867,-3.3344174480647295,6.429987392063011,2812.375152376992,0.9996105630531147
alpha[47],0.9028587998009057,0.12962157129293478,7.153863208139128,-13.511580974677042,-3.7677692258624695,0.7853403028395618,5.589335019410839,15.41645966496281,3045.9775611000646,0.9993468974575748
alpha[48],5.018230906784247,0.1410880820782218,7.170559468649918,-9.466069921497652,0.358617230011739,5.101611743911599,9.55535800005303,19.988040203837812,2583.0060554616707,0.999486465090036
alpha[49],5.033702799720838,0.21097529015927577,7.451319558175947,-9.17963509175852,0.044420174578167826,4.943471989615303,9.960393340302911,20.13775536857759,1247.3926832163631,1.0017275489934705
alpha[50],2.8028907930164846,0.16282048394214244,7.314727423581111,-11.814451469818442,-2.118111820701417,2.9258758537802096,7.324632097553389,17.783006970012647,2018.265106900781,0.9995432476328882
alpha[51],-10.88740031681962,0.14510928789589606,6.737928746320316,-24.131453762378612,-15.389999655326932,-10.916667222743872,-6.583695574264555,2.2292701626938696,2156.067763474967,0.9987270424622154
alpha[52],-10.183973279241982,0.1637171419097465,7.5298886707700134,-25.273654403996655,-14.869685217227833,-10.027907959686285,-5.394078043181266,4.487658300880699,2115.381986142989,0.9993139142469892
alpha[53],-0.907684648461257,0.13403298456376253,7.703089086918698,-17.024170481756354,-5.857921230728918,-0.8185117277402092,4.120185327274183,14.697330748600525,3302.9839586457565,0.9996555120478486
alpha[54],7.6041828279300425,0.12608426907046966,6.23646810317147,-4.28676504502962,3.463417384593491,7.5255083816783985,11.672284685596,20.015579713511016,2446.558477424071,0.9993134093783226
alpha[55],12.000480208417661,0.12215708024113137,6.731297957463586,-1.102868870145731,7.586321871867032,11.894341548327297,16.255331916164735,25.5706622601045,3036.4095032623427,0.9996820450174703
alpha[56],0.7562017156672329,0.17056426265657754,6.924085514274824,-12.71341361040778,-4.004927720733628,0.6249866884199728,5.272484190454323,15.074052177876212,1647.9679586155844,0.9991286281546855
alpha[57],15.055383825826366,0.12260013335472861,5.9348698593835785,3.9145929594731848,11.086425033193521,14.949020171184939,19.05811234453877,26.8208095614823,2343.3681079978464,0.9999250750211244
alpha[58],0.8093065724865188,0.1260983765373448,7.322143191355398,-13.819588540153667,-4.00317361604189,0.7444216824924754,5.5549572001692775,15.79634141240712,3371.7661380855548,0.998921236995182
alpha[59],2.9535570831135094,0.14070179069293445,7.132944744375246,-11.196171143595866,-1.7174463817813257,2.9038271765965504,7.631404690647194,16.61439177934883,2570.031640789695,1.001268980532442
alpha[60],-1.5197317885982171,0.17512373452913307,7.240194369389928,-16.275633386979095,-6.306230215373546,-1.4352059649667095,3.2497813872075776,12.19125936131354,1709.2690571935723,0.999733166880969
alpha[61],-1.471855727921988,0.1526161146993133,7.198526532919733,-15.576313567603416,-5.829705666862324,-1.5481060209069537,2.7970368441390763,13.431452486694191,2224.7767296368634,0.9998258350142635
alpha[62],-5.8561252728903765,0.17051853488637697,7.0420930070743895,-19.87125977921662,-10.3482801980584,-5.763077313006372,-1.1993841273441639,7.949469650385639,1705.5337909023654,1.0005061030509756
alpha[63],-6.107944352102738,0.13905746397679422,6.85846502592208,-19.837703573687087,-10.37992133223781,-6.021472201149473,-1.912025683737908,7.157411044763282,2432.569443480243,0.9998200861405021
alpha[64],-3.313482593451266,0.14689475782296935,7.40770592066252,-18.556440468721576,-8.243008978832927,-3.0831799204088695,1.5399804389796294,11.165270580738877,2543.04983358986,0.9990530338812226
alpha[65],5.1146460323699925,0.14169669958760267,7.402918577636774,-9.1913448657739,0.25461677436469476,5.100441883368447,9.816391473398731,19.65969154874432,2729.5212264840147,0.9988259586948963
alpha[66],9.51208604992991,0.13996404442099483,7.020056687955256,-4.322146097802628,4.817733419236778,9.457754554107721,14.049433919055138,23.896099017257992,2515.6387244393763,0.9991434013477906
alpha[67],-1.4612497342869635,0.13243101263781779,6.431721193657232,-13.88030995192829,-5.830871858107043,-1.62828528222293,2.751957777034202,11.41831128968357,2358.71256373489,0.9993911831587763
alpha[68],3.0502813158141895,0.14662296395152566,5.9125770674134115,-8.156834892659665,-0.9067859437200156,3.022463605778485,6.929265506623466,15.136254257214517,1626.1089506430753,1.0005192808911916
alpha[69],-5.764480190474334,0.13873563553699694,6.749822691576206,-18.508854109455655,-10.328748439541368,-5.91816576698329,-1.5223367808654749,8.20219061074213,2367.05676722998,0.9988194051418211
alpha[70],2.887339865977732,0.18110674114094097,7.355839978597457,-11.621411388790921,-1.8317855827585454,2.8732860288497406,7.619189579987507,17.655938595596723,1649.6633045858437,1.001457047090401
alpha[71],5.236735105064828,0.14295524079081925,7.144880350204057,-8.657510093262346,0.6341297787347216,5.330619650911347,9.78897588615009,19.10757775997086,2497.984608027998,1.0003056740057732
alpha[72],-6.0927004654584325,0.12567129624277637,6.828371283874542,-19.021947808150355,-10.638158774553727,-6.1325905176674045,-1.7492251957320983,7.335689292744375,2952.310732136635,0.9986560357368549
alpha[73],0.5437576016325052,0.13526405400409014,6.851052504372665,-12.394262022195473,-4.0887387997815985,0.5867929348301892,5.294698740480282,13.758684084200599,2565.3687056968993,0.9996640363574572
alpha[74],-6.081874727714468,0.15385031405056018,7.193010931556979,-20.45005964584788,-10.712230710123084,-5.95252248040255,-1.2550281264250724,7.976771958741237,2185.8716952001614,0.9988176173492102
alpha[75],5.350497255842478,0.11896579187950816,6.92847510837536,-7.566722420986286,0.6885536932008074,5.3159439032383355,9.985001576022123,19.35162517131009,3391.806925020412,0.9988267458253935
alpha[76],5.137413920770903,0.15203092014779848,6.845967334319482,-8.88424264587927,0.7694548711693554,5.049335081550506,9.444019342055057,19.108913689475425,2027.7097857401704,1.0007188645544403
alpha[77],5.111351824717937,0.1438357487461991,7.004548465917844,-9.248994291071527,0.3018816841655104,5.280947029478954,9.677628036237532,18.90163116231603,2371.5190211973595,0.9988635710278071
alpha[78],9.559280839708816,0.15386300041013198,7.362693025501302,-5.411050161107617,4.786431029569961,9.68986225020291,14.228902057584431,24.30214903081297,2289.839238374035,1.000385260182437
side[1],0.24010604417200548,0.07010117350411582,1.3978734542469948,-2.5035653874003945,-0.6067470014249857,0.23691249336376127,1.0421244359219652,3.174691968295498,397.6354896411979,1.0129528594862938
side[2],0.3198008241858632,0.06707488824588635,1.2086771595869503,-1.9368376697308731,-0.4576515294357073,0.2940878234886295,1.101498614087689,2.7273244724887595,324.71377682772714,1.0174321185659707
side[3],0.34812940126789127,0.07440420118713839,1.3259940403737485,-2.001115681741642,-0.4781741882778382,0.3216825219446968,1.0927026437316496,3.0343118337484456,317.6056557417267,1.019335335882984
side[4],0.2589228043708668,0.06770081341041985,1.2796288004338756,-2.103520268401419,-0.507412429869989,0.26199121745298265,1.0011568849875365,2.9549205458215875,357.25658204792006,1.01607223223491
side[5],0.28244149218814846,0.06919014421510883,1.3880046800698984,-2.2387111481944952,-0.5449956889047494,0.25465029531250216,1.1296792650489986,3.1712980347984607,402.43281756795415,1.0165134089957528
side[6],0.34090077732966007,0.07897211799055283,1.3205965934395894,-2.127963611102991,-0.5242599921952781,0.2943291828057519,1.1630247887878769,3.1706148729154027,279.635802097349,1.0176983381659386
side[7],0.06478605608726581,0.0579373425086186,1.3411713972203816,-2.5512572610529327,-0.7551217315187644,0.1018036324632933,0.9241678880733843,2.6486318303302623,535.8601035479088,1.0051962192624917
side[8],0.33740480693239333,0.06889202588063292,1.2737203209261914,-2.0510775744982475,-0.46432836036274794,0.27816540874611434,1.0862868718773964,3.066545246532818,341.83005356188903,1.0168730205786904
side[9],0.1426856376388991,0.06922031917614856,1.2787692652256075,-2.327356601897305,-0.6879419715807652,0.2239316791569555,0.9187968162398815,2.6553383161877377,341.28498697331617,1.013992803813202
side[10],0.19601524520499924,0.06789621138679748,1.3413779634609304,-2.40849440375915,-0.6372908148187302,0.1959026465785924,1.027464406509091,2.9743733416089873,390.31141438817525,1.0127813401086005
side[11],-0.1894688202019167,0.08172061467255745,1.3002456181457804,-2.912797925257266,-0.9492607202236139,-0.0967603636324543,0.6515734959914574,2.0866500317419474,253.1556057239124,1.0110080721480001
side[12],0.15643616592588536,0.06265291871502782,1.3148868535816363,-2.3238663164936946,-0.7184640629753349,0.14786152458221058,0.9791323245248407,2.8273281890520634,440.44750207535265,1.0123042370476623
side[13],0.1499098817303709,0.061512119760547525,1.2910890544216134,-2.1986025863874157,-0.6457803234561629,0.15855811096047334,0.9229735678350408,2.7299695148821566,440.54574571630843,1.0082106619559985
side[14],0.08956001994951536,0.06146807908233879,1.2666313557993185,-2.563472312123032,-0.6386407588226495,0.11714647398545841,0.865898733478244,2.7488131703922845,424.6207246112584,1.009472576841554
side[15],0.136110182600359,0.06610706189446218,1.2924362602505286,-2.358908997570171,-0.6427547282483974,0.16862252138641326,0.9090888117051139,2.6743660070898687,382.22805183276563,1.0106954124206147
side[16],0.25941310922901506,0.07191720917673251,1.3024428508273918,-2.2329240667685895,-0.5810215697757115,0.25907770481625125,1.038088195532587,2.929619579262827,327.98327707654664,1.0141675803743548
side[17],-0.03546001844258079,0.07387609967612321,1.3369161204534818,-2.9261861046293296,-0.8273714447088845,0.03163215917432524,0.7902944160105264,2.4602571471909944,327.49177933912324,1.0096382494127696
side[18],0.18354318015329182,0.07310947926478172,1.307721088569395,-2.4641704512435694,-0.6286592220378109,0.19043934422691006,0.9936976314621779,2.8693749336993646,319.9505591415691,1.0210837383218172
side[19],0.16484274937476312,0.06796721211486008,1.3151278047042083,-2.450271401960096,-0.6072086777243664,0.2074887485646128,0.9429567206332716,2.688090069091053,374.4010059135505,1.013679285815679
side[20],0.17426941495289697,0.0709152844370363,1.3660784862650788,-2.375560453444834,-0.6504001547153653,0.1854298060249367,0.9843940229332977,2.8684816553672876,371.0834669380002,1.0148503934392368
side[21],0.16700015336184032,0.06864791361625115,1.2564322799590715,-2.296206517163136,-0.6338579682438201,0.18747931654836775,0.9092697932784894,2.6970007469240995,334.9835543811948,1.0111803640170318
side[22],0.09020766374769772,0.06155547523678938,1.3352682480165783,-2.604195927201048,-0.6834527317289458,0.10248653091328694,0.9095473222250811,2.596367281815036,470.54771242524515,1.0099299466281788
side[23],0.07730735887133551,0.06811320154709985,1.2574334794890438,-2.3776639199890672,-0.7355473415163913,0.0738524364948662,0.8660625186357027,2.618701872189661,340.8061715330815,1.0155818570742408
side[24],-0.17919299273526496,0.08431620377249205,1.3372970169203733,-3.0200891047848915,-0.9647021236470861,-0.08213537069859758,0.6797901331438765,2.2047082360442714,251.55541020846005,1.011621842416955
side[25],0.22786978491270038,0.0705832516461683,1.3065948673939967,-2.1145247169443473,-0.5941577489554137,0.19612277014662963,0.9927748736918562,3.0339570845661425,342.67196293758025,1.0129393616272808
side[26],0.18432841496258193,0.06830519746759393,1.2985594632914277,-2.410151948910492,-0.5780774089531935,0.2092989979803968,0.9735529809412553,2.746272540053008,361.4233280415923,1.0153726736206916
side[27],0.4422775815030059,0.08814525570371695,1.302638820627339,-1.8803091817737925,-0.38578500924903336,0.3725883754949517,1.1691243566483092,3.1863392364362944,218.3987505247035,1.027194715932469
side[28],0.10052973095183157,0.06784206016942469,1.2762986944162165,-2.458922390631463,-0.6894438627300241,0.122322005798387,0.9482491895367899,2.4870220857969594,353.92121360146496,1.0124731914308023
side[29],0.20789348813061842,0.06328044252978536,1.1743378246252454,-2.113051699480672,-0.5896833259285585,0.2301513929391912,0.9563115607711985,2.487393502930992,344.3872652180086,1.0161292021975887
side[30],0.001223947474924465,0.06702538499822831,1.3747341573587335,-2.700796719678136,-0.8482920399167375,0.027658682333527213,0.8542338195442467,2.6672588076294765,420.68672948247195,1.0089570481924486
side[31],0.09851513233728951,0.0611312019404993,1.2592867619309993,-2.375742061319151,-0.6890135349610697,0.15027297194580008,0.930372283570114,2.5055754509265675,424.3492180232715,1.0077402158368491
side[32],0.011485484524179341,0.07262028669342445,1.3148982539884215,-2.664491799469879,-0.7610601208398623,0.07749357145644875,0.8159559554345832,2.540180140116158,327.8448600307232,1.0094268152928305
side[33],0.3354249440979699,0.07343281117071132,1.2969471123740444,-2.0223272852494336,-0.5246727412537806,0.2680538790775381,1.112328828778485,3.1834346701506333,311.9350847200173,1.0192527438891532
side[34],0.3288489562392492,0.07596319855904395,1.3212056240543437,-2.171173514871615,-0.4888740787693726,0.298080295346972,1.1098736247009144,2.954957685618069,302.5062424704121,1.0195027728854635
side[35],0.15951034659916138,0.06385998945623587,1.3382540350361296,-2.2847306007518253,-0.6428924496792403,0.18810723307151844,0.9312773785231581,2.7875506817833307,439.15662424735916,1.0131924282698177
side[36],0.1721332383080791,0.06604803256474377,1.3052158535522926,-2.29720797406819,-0.6440047355429053,0.15168037782458166,0.9879745244922244,2.9172692461256373,390.5214648085262,1.0128708621237217
side[37],0.16619588197204851,0.05977961817765301,1.3420276948545302,-2.563547867767742,-0.6250311441808953,0.20304183958444091,0.9632982788374884,2.917188738054361,503.9839232342489,1.0117045533770241
side[38],0.0076992719409683585,0.07431318875226464,1.2563510704098657,-2.537397190880756,-0.7543083162326192,0.07119686994506835,0.7827906149434929,2.4210042744682285,285.81843306514475,1.0129670890689066
side[39],0.17108129450322934,0.06631824885721972,1.2800420442838913,-2.2790635711348144,-0.6490807382524284,0.18069726083466153,0.9650374595542452,2.6927617972055136,372.54811411011343,1.0106010340863305
side[40],-0.0038932357155522014,0.06687247946470809,1.3559041926527515,-2.727363270105614,-0.8152228528166017,0.07976774017784732,0.8484864495737358,2.6857251629726457,411.114841313257,1.0096571160698604
side[41],0.3415342337089823,0.07437392200540062,1.4051383261307515,-2.166180177606614,-0.5167464271700226,0.3250289379005683,1.1150751033469524,3.321057852908294,356.9412919496212,1.018417285732508
side[42],0.34398205377233343,0.08375928819748331,1.2895754788971212,-2.1515509548380116,-0.43757883089728594,0.32782672305995453,1.0559625385981937,3.251694547907454,237.04324132121673,1.0261404518420385
side[43],0.11226177128473173,0.07139826072183085,1.3003608868596752,-2.382545476588653,-0.7514802551564544,0.14274191103841033,0.9463120263107281,2.6351823583080414,331.70539203561196,1.0156114940568879
side[44],0.31081392447752576,0.07033588623699884,1.360382578309588,-2.112466366657044,-0.5154309590438961,0.2766628367858752,1.098442769923445,3.106917744229685,374.0831918523569,1.0153881261448885
side[45],-0.028592451845507825,0.07246165216048321,1.417275944011303,-3.025921582803705,-0.8306699885322479,0.017688449066746624,0.8370442349624003,2.591308658042345,382.55366551422287,1.0068140828633017
side[46],0.3391445509851611,0.07706178961382117,1.3398692090786428,-2.1694414026642526,-0.4679155049855117,0.28755246215537045,1.101562028731561,3.0697566918122368,302.3059067297066,1.0227815360283588
side[47],0.2064514363026821,0.07021876926591948,1.3218252973652485,-2.3606331405086234,-0.6193589121990348,0.20616910986730846,1.013814232298016,2.8962440095818898,354.35755130878783,1.0143648907047007
side[48],0.37270725783686937,0.07254605717887669,1.327575525516073,-2.1784332346641713,-0.4221859600828752,0.3388848840403397,1.100724574406171,3.3248135505164074,334.8812615617039,1.0142149263444562
side[49],0.5480281407356012,0.10140151031957084,1.3888174627661292,-1.8961860645122333,-0.27600548984963363,0.4912633513614164,1.2654228364193028,3.7061003003793465,187.58646095415676,1.0277530705808697
side[50],-0.1652944913816987,0.08126852078407028,1.270950014313675,-2.859370818683212,-0.9075419286779018,-0.11174066843938393,0.6725136586483857,2.098490332455066,244.57509492337388,1.011447024814671
side[51],0.38105226080577165,0.08235698671358224,1.3265970066660688,-2.0643269736862795,-0.44802682239447916,0.32119725959807743,1.1395590907697697,3.3168803922841255,259.4640122698409,1.0191565751494107
side[52],0.2912969225454566,0.0755665045115512,1.3267940686563102,-2.0579382540949274,-0.5457381304468827,0.27417194396007705,1.0324796838279666,3.1645928775550756,308.2821476137281,1.0209381562593942
side[53],0.1790602273930679,0.06953588741874436,1.299330377967712,-2.413971926949389,-0.5954703655618894,0.18605991668001734,0.9397767284750956,2.7511433243637127,349.1573442303404,1.0140808699835329
side[54],0.30693231142525007,0.06769556932685643,1.3355233616341926,-2.1568662688982627,-0.5204283785395183,0.2705852630233032,1.0952506880100898,3.130949039596085,389.2086543111022,1.0167771701773374
side[55],0.3053502773340102,0.07836881617514643,1.3056459880240354,-2.131113720287332,-0.49270205807721945,0.2875818754780246,1.0728137630644352,3.0480787073109945,277.56474569512557,1.01999202778174
side[56],0.03659422564237463,0.06861896003539915,1.2901451740055776,-2.726657613605693,-0.726823897182957,0.09035283226003989,0.8351283839308654,2.593193818334039,353.49957894228845,1.0116124879037534
side[57],0.22040412500136594,0.06184286473291833,1.2050208493662167,-2.077908039453273,-0.5230660910729866,0.17857589784417294,0.9954280724266303,2.6831369199950643,379.6731838073256,1.0108557680431387
side[58],-0.01875351094836833,0.06688858548039321,1.2666103618403948,-2.565082781795612,-0.821218649292824,0.031661002008089675,0.7767501950552146,2.4574359163303683,358.57668626365,1.0124134385125727
side[59],0.34941547055725836,0.07603227387694904,1.3028068111450344,-2.0630642121382032,-0.4805781886015211,0.33914398794107387,1.1315914803873515,3.1560190208934906,293.6054297001526,1.0192769566113387
side[60],0.1161034098915316,0.0696123949736485,1.3020609856701517,-2.4623666516126423,-0.693103425781845,0.13247411243802407,0.9069148301627754,2.6651873803698347,349.8561405383347,1.0181295408799786
side[61],0.09341389611389239,0.07099856969418501,1.327995336677496,-2.5385508546754822,-0.677635360271843,0.10435369314122808,0.8901154799120685,2.5981993976092457,349.8596848287948,1.0106804680876922
side[62],0.20151341918545634,0.075317143992329,1.3417842108002258,-2.240174492597435,-0.6220301057285755,0.19673490599605825,0.9946614705390896,3.0266123091593977,317.3786200737226,1.0181478083682798
side[63],0.11934886458202193,0.0721102177968291,1.3384903239219572,-2.634339116107679,-0.6802823164775482,0.12710874226742605,0.9525470974362691,2.8150932997802083,344.5377850376918,1.015314568550826
side[64],-0.018861276031187573,0.06578082265030108,1.3124547643209625,-2.92561968919774,-0.7995484693221773,0.07719294341356933,0.8177902411334834,2.371623629706715,398.0797506181072,1.0101470511351112
side[65],0.2580988894991318,0.06801706180797082,1.3090651632797836,-2.2875326659918938,-0.5410527761252801,0.272358210049352,1.0601904838845595,2.8843951695764023,370.41349140104404,1.0144961017148966
side[66],0.1618168687021252,0.0719025559189599,1.2626509669599215,-2.247540211833228,-0.6577186143168734,0.1903444085861678,0.9722997961629429,2.5842952986295207,308.37415630180317,1.018379819602313
side[67],0.18783247968583108,0.06194842572994694,1.2095670494214306,-2.254693888034182,-0.5633457984371331,0.2152085974062643,0.9567317041765024,2.498950142856341,381.2407772156114,1.0147985003199185
side[68],0.2930056600465841,0.0752716763675238,1.302244876509883,-2.137950473751409,-0.5280329783501864,0.259864808923581,1.0468495597371907,3.1204266288835987,299.3106281299715,1.0191655503590087
side[69],0.23578354320945907,0.06719024724928337,1.3267362870197992,-2.301653328879792,-0.568235291367245,0.24530729411696112,1.013673257114053,3.0634593753961488,389.90314347584604,1.0134450896367448
side[70],0.27861745717531927,0.07892527369228879,1.2802494809036524,-2.0405193381607165,-0.5418828875910928,0.2500127689651154,1.075166269042712,2.857767553732919,263.12191644033305,1.0197307942026679
side[71],0.23907311328403086,0.07738588867104325,1.2562804048901488,-2.2052813847964736,-0.5809433603381655,0.24220577596987874,1.0250300257793656,2.7688866640075966,263.5418699764365,1.019736311086571
side[72],0.20548388344308902,0.06979518198819698,1.299158849775524,-2.334496446197033,-0.6210724947997053,0.22714677928618704,0.9862324372801934,2.8119800088395523,346.4763727292431,1.0153532996101509
side[73],-0.08082091981949088,0.06962023178492942,1.3331375725020198,-3.031608081463272,-0.8377264564099081,-0.006550340189069002,0.7757453729233983,2.2702283452682512,366.6730638148252,1.010615709871409
side[74],0.37478199795072764,0.07735777949736708,1.3027358020972497,-1.9404538084404588,-0.43153327599788915,0.3077395775583762,1.1322811594860451,3.0537370016603007,283.59900783104626,1.0184213418687018
side[75],-0.09515532686356966,0.07564118836024339,1.3983242745782956,-3.3313977646111272,-0.8428418433473456,-0.025427306785701858,0.7658379015153407,2.4929073448988954,341.74259077186525,1.009264485443589
side[76],-0.09714885213949694,0.0780624471862246,1.3463569792307626,-2.864277065196202,-0.897875913420633,-0.0045575224595066285,0.7450037291521703,2.3650083484438107,297.46517436937665,1.0114610044431223
side[77],0.1533539245343898,0.06481584246730526,1.3158823965108393,-2.4002089400198368,-0.6834825955464001,0.1866332110087486,0.9677253564895183,2.8268693585788114,412.1656679010711,1.0143055441499673
side[78],0.2011591421430871,0.06459555665352076,1.3073501702372001,-2.3254363631756982,-0.5766096653189323,0.21377387394471542,0.979554490299292,2.7061131500171562,409.61755909907794,1.0135459484397196
sigma[1],22.54174072860305,0.15916364524485932,6.830843831827821,12.240819948967307,17.736576707616273,21.393484559692943,26.390642532256095,39.295731420872215,1841.8784174974776,1.000764510170031
sigma[2],8.144445316444711,0.08852578288266252,3.040824099746517,4.038843860277651,6.031339623458694,7.547095569138986,9.564443253331579,16.042236649440113,1179.894141718547,1.0019670753000702
sigma[3],20.567562438172676,0.14426379584063584,6.604129711028936,10.769771695412638,15.82377322427688,19.624127027697835,24.031615295350033,37.157451629136546,2095.6390335849615,0.9993181961877697
sigma[4],18.755074690012734,0.14195407837165439,6.21194508493005,10.046042568717827,14.288871614032917,17.536230953817565,21.933133672627683,34.30792497619088,1914.9589417402174,1.000456523868016
sigma[5],23.572998675713876,0.1283446275350364,6.960827257647714,12.959245628356243,18.445951349845174,22.716902119560846,27.625362035300846,38.70184577215346,2941.4828773233803,1.0000003061400746
sigma[6],21.254053420402663,0.13527093866605955,6.535422366206136,11.506517750575407,16.504302805818895,20.210850983772882,24.83630807735654,36.8242405749447,2334.201333301148,0.999424417243249
sigma[7],27.77658143437573,0.1457036975525868,7.679697643030367,15.713697115859887,22.45006472517335,26.86075543973091,32.09408125982218,45.80789087940164,2778.0950291404192,0.9995820604465773
sigma[8],17.295823211265304,0.13482420673019527,5.7040967641457305,9.197057568079593,13.232269276393572,16.368015236969804,20.218329275073614,31.195603777000713,1789.9381361189417,0.9992068703044651
sigma[9],22.738087710311934,0.16448386226447018,7.056538034083573,12.298879097463256,17.677416993210933,21.68287894368561,26.566772845913555,39.13300828429948,1840.5040737989825,0.9984145603842408
sigma[10],23.877208624787297,0.13443416857287036,6.917143819673287,13.141019086530319,18.970605736609663,23.110729135377674,27.827397840988255,41.31543827040744,2647.4897045253947,1.0001042734801369
sigma[11],15.907035639778462,0.1432685571158021,5.568504426810771,8.413581252958842,11.852472994609656,14.810377409233602,18.748426283140486,30.421011081477353,1510.6900347336584,1.00037824923469
sigma[12],17.387093597897984,0.13999533035123798,6.124818895058713,8.56278222650742,12.849366178856991,16.277978406181397,20.650393754669032,31.910096401173213,1914.0769956309714,1.0010129510414738
sigma[13],19.260816482028567,0.11762743261192371,6.088173901477422,10.17211772270969,14.79826624923897,18.3498118715191,22.649318394895097,33.92010645157979,2678.9022194747563,0.999130666317077
sigma[14],18.52723802025277,0.13567316571751517,6.406193517078087,9.740705033178902,13.704963550841233,17.32083064467097,22.074426114130365,34.10121418957028,2229.524195659778,0.9992109797871103
sigma[15],24.00108120708351,0.15341008463680914,7.302654128226159,12.77203440997933,18.739283292664695,22.87098575830696,28.26373009967267,41.15895707024107,2265.9673331842614,1.0003701751676026
sigma[16],17.71412943108796,0.1350063627483416,6.15539782607203,8.783757490090084,13.361879240694684,16.689674399777065,20.7736580902949,32.57098385390925,2078.757263568462,0.999842072635395
sigma[17],18.221382279319048,0.13580845951388115,5.924225828710481,9.908523379958005,13.853349953169513,17.080469999936575,21.479441486842198,33.287044705266524,1902.8719510431335,0.9995387763220276
sigma[18],25.406004331288628,0.16414841175238867,7.311289033406941,13.796215417447662,19.98273085801815,24.470925116232458,29.925472317527074,42.01038295063164,1983.876056730281,1.0018393233235567
sigma[19],32.70093213958745,0.1671139800430491,7.990126530274776,20.111695466320477,26.792804748853293,31.9068072116585,37.51963715569953,50.67894157971683,2286.0290675892015,1.0002310212481704
sigma[20],15.57981477722521,0.1278404748355423,5.5416824969666445,8.055394440781672,11.767869833600965,14.434826588458197,18.346862897597674,29.89433275898106,1879.0854492198794,1.003432965319659
sigma[21],25.26637592155979,0.15722136546333065,7.364524561289559,13.741025549946142,20.055419926791334,24.2507457662085,29.429145532102034,42.40777978479599,2194.149939672175,1.0006270424417334
sigma[22],19.991652282154202,0.16503902055477068,6.5278931253495704,10.513514884024072,15.281488246098196,18.8222907556681,23.442416903032075,36.122165427803765,1564.4900156229487,1.0004183532335427
sigma[23],19.610340006406183,0.14403862337446366,6.659187818385901,10.396086288836045,14.774260725076768,18.485107616910966,23.180064144753132,35.076053677052904,2137.394089546095,0.9995017307409761
sigma[24],21.208557794270764,0.1398398763897161,6.510913131283516,11.385524360609953,16.47752137655132,20.108056471283774,24.94147731497393,36.34252871694541,2167.812615122156,0.998912071447867
sigma[25],15.88759614416973,0.11676433870396552,5.249612228049519,8.390555981630856,12.157488006078964,14.894488780087032,18.68907539641562,28.510531843990094,2021.3150110302925,1.0007481717998326
sigma[26],24.410547242071733,0.14450372217260227,7.09036103442324,14.034756736849129,19.199206045811145,23.393559278804354,28.545579123133983,41.127229466922515,2407.568382793579,1.0009034551238711
sigma[27],15.471133917307572,0.12183657644264215,5.357008676052964,8.162207567914752,11.57674584061693,14.33994426042263,18.208279110890082,28.96248174023404,1933.255816432879,1.0021261000676573
sigma[28],28.894994023936224,0.17699765924680166,7.722443326195019,16.863159262087578,23.392802326100085,27.65763544862929,33.41799020778565,46.93158325750923,1903.5943785266984,0.9999468362167212
sigma[29],3.6716623339654015,0.04775809257190061,1.9626257465083707,1.1326146081197228,2.2294000034765,3.2657152185069966,4.656910512285597,8.659379492345836,1688.8109552075853,0.9986488898016318
sigma[30],19.382471283264813,0.1379412006396208,6.154196600900078,10.539095764617823,14.891751314319182,18.43863868890645,22.74587653634336,33.70416345220154,1990.4658391822593,0.9999631398543026
sigma[31],20.29030597356567,0.1395826746014703,6.3625888497300425,10.824635864643469,15.670088614156803,19.323909921344075,23.92496502701244,35.11919297415078,2077.8045289863817,0.999219995012246
sigma[32],15.583982093351775,0.1213363146353543,5.189200323103012,8.299306247596258,11.841744885391918,14.633073050968147,18.33057014973889,27.929070459888713,1829.0234476693677,1.0001931526499275
sigma[33],20.122737228659386,0.14909191106532715,6.705583167338935,10.221251958840988,15.206665709580957,19.161947454305064,23.781426634923935,35.76414067043901,2022.8558857516834,0.9997820765050388
sigma[34],24.97426602419855,0.13688412860577387,7.235344946187316,13.829030239510617,19.43093502670302,23.79284646001904,29.237521988356914,41.960040627413306,2793.9092193347906,0.999702152797776
sigma[35],25.681803767812692,0.17155987138732856,7.3870483340426905,14.239377412954708,20.28424335492909,24.666678793901333,30.12499170721285,43.043914340558715,1854.0031057638394,0.9987059829010835
sigma[36],23.736092214599743,0.14087471608617577,7.2008685872971325,12.579453712353194,18.549812543112466,22.817190523710178,28.15900094511103,40.02069413668536,2612.7849333142326,0.9991421231770272
sigma[37],20.66566600095313,0.1419794709296787,6.731648617483044,10.851864743109754,15.657362537219335,19.51299605749969,24.313879121011436,37.37739186139346,2247.9765145985666,1.0003796712195165
sigma[38],25.05371256220752,0.16722388614842223,7.721517516580819,13.549572404861241,19.455438163176638,23.717857607631174,29.50555785324621,43.35532308937464,2132.10553822175,0.9990978554081857
sigma[39],17.736346768833165,0.13550200677802673,5.972257839210174,9.180723257979038,13.398370419747724,16.80448307134231,20.891965307554834,32.365678316225015,1942.6101075547313,1.0017130693231269
sigma[40],15.766582637010101,0.1163905167313175,5.646409139174855,8.029528045546584,11.779715213871189,14.611551836066205,18.49717806485059,29.429552849463,2353.474490483728,0.9983508173569504
sigma[41],25.107651953708675,0.1459805124078109,7.608297722703031,13.420797553750992,19.661998113696356,23.98077026501271,29.437498591126918,42.58222535569237,2716.346887002329,0.9997660720655577
sigma[42],25.750706459621156,0.14900588683514782,7.171872712049642,14.560583385225303,20.526902182805852,24.77203794822367,30.394379267033866,41.810096776830484,2316.638624025761,0.9987635045394219
sigma[43],23.793519837090813,0.15179412095879594,6.971252742970965,13.06530980247033,18.65660261357344,22.975495747935554,28.04612780406759,39.51120670964221,2109.170817288313,1.0005044102468192
sigma[44],23.776099938860234,0.1473365825787758,7.373466795179796,12.722905639861487,18.39199620357637,22.54941637317927,28.234444742438807,40.794086617537495,2504.507133572963,0.9981178155482177
sigma[45],30.24329737624289,0.1522318608626177,7.807485585224792,18.295892189543995,24.403583477704423,29.425466952131536,35.01544294507541,47.79217099312737,2630.336247425625,0.9995185836828583
sigma[46],23.443190857950558,0.1338302139851798,7.072943924374608,12.907232230243268,18.29697503501875,22.483586038723715,27.69712468321824,39.29231048226042,2793.136017761724,1.0000851492992928
sigma[47],25.537591911102304,0.15932726007139272,7.376425702458039,13.721956220755239,20.25238500721288,24.35857385775598,29.79840357672301,41.876368769055645,2143.442163591506,0.9988672952208366
sigma[48],24.029867924761298,0.14639921315082297,6.813103982966622,13.484530809082816,19.06866050498212,23.084907407097784,28.03348127867072,39.522300372667196,2165.7710765175766,0.9988936393072293
sigma[49],26.175894154011054,0.15204312775556686,7.489434375378197,14.254342980704319,20.734127040883642,25.131041697911527,30.5323832795387,43.65946629320601,2426.4114639493,0.9991170369498026
sigma[50],25.041062469756405,0.1634973246297189,7.663391382397111,13.59089998413598,19.3074080653164,23.881391823177694,29.71731858360944,42.36457702857467,2196.952724127459,0.9999134843509041
sigma[51],16.360897879749256,0.12797444869293556,5.692919294677624,8.440433163228395,12.280980010701143,15.165976482288658,19.216328979460044,30.276398083148017,1978.898501295425,0.9995163045712729
sigma[52],24.08934256493968,0.14237911928251645,7.311067984112153,13.163920727019104,18.613080412161487,22.998413653351676,28.164207017202806,41.781410461145455,2636.7505198498334,0.9996905939068742
sigma[53],33.62407094937211,0.1608962894267877,8.081689342922273,20.122709342535252,27.82825395901591,32.854741294854705,38.57103635069166,51.956249175798774,2522.9709355372993,0.9989976486149191
sigma[54],17.02160174152288,0.1321053315326429,5.876148712765182,8.738185735564674,12.992007213430622,15.867641816398258,19.950385414400802,31.694833035440727,1978.5401423005937,1.0005507075451658
sigma[55],19.73323975736036,0.12603819947714695,6.134238722477941,10.50539661682102,15.33418338673153,18.667838413009946,23.029921717314686,33.67779505447034,2368.7376633752456,1.0008513416945404
sigma[56],21.913980295765548,0.15117685271653017,6.759003360345104,11.753804146410122,16.845394451806932,20.83011147981454,25.834773470561153,37.89275506718136,1998.9168332923093,0.9993587722314062
sigma[57],13.012143418662784,0.09621556052090231,4.498385333742161,6.706299138077639,9.73480418091345,12.254814987324334,15.259113171214613,23.57632791473663,2185.8617001292496,0.9988176698572375
sigma[58],25.50924808719052,0.13290615764788402,7.109433811946683,14.742421386417472,20.357472569852753,24.390052223276477,29.708727266255817,41.72477371241392,2861.4082530659407,0.9993019260200043
sigma[59],23.86768006051056,0.1592913845390196,7.292880917595303,13.112839839271953,18.35321070216588,22.90913146657158,28.103880213799798,40.9660347331546,2096.108070897985,1.000213437201748
sigma[60],24.654905270206662,0.14911717721285886,7.316121765863128,13.482173020116104,19.5294612728624,23.559140881984867,28.880266154047185,41.579140414005714,2407.168559124525,0.9992024571120814
sigma[61],24.199731578345293,0.1541748476783994,7.282525597336216,13.234585063057212,19.016087843790835,23.04766362462797,28.328256212725915,41.295793935042866,2231.1922027856745,0.9987893218321331
sigma[62],23.348125083957225,0.1503820165324859,7.10707261711485,12.608125911284208,18.12768446963531,22.165006683529267,27.401558275401882,39.69688353232868,2233.519237792537,1.0005938523538094
sigma[63],20.106339417043205,0.15357000180727023,6.889291364305314,10.137058755480936,15.231564033857751,18.931412260618877,23.666317665528197,37.13910510783802,2012.5020257144197,1.0022161198703186
sigma[64],26.04262933594955,0.1635327612859992,7.392057814244385,14.534342172553234,20.761813096136294,25.018505187190957,30.210328898499483,44.06594162175755,2043.2484110918456,0.99901579565016
sigma[65],25.36164386626218,0.16046702112901073,7.427326330436433,13.875731834224151,19.9095501609619,24.3225381014227,29.775960380380933,41.7915436930834,2142.364830659443,1.0018304431083631
sigma[66],22.45785168406553,0.13970732382388065,6.967492525737671,12.14965243612622,17.29458846237645,21.276115960541507,26.32517991926751,38.27751881874313,2487.2227181607195,1.0003437004252353
sigma[67],18.69013529615639,0.13861235632702337,6.436638798550148,9.624123729459926,14.039030773474401,17.536199240041732,21.968343109141863,34.47992201899591,2156.325828004627,0.999002364437768
sigma[68],15.635148004008043,0.13231425229301308,5.4754801178015295,8.075621420983568,11.722473024459937,14.551221038813363,18.34305353918655,28.79046869665582,1712.5022814611934,1.0024201890682451
sigma[69],22.589102836614032,0.1614959563368366,6.977190905313564,12.036903859740287,17.25812366473673,21.48595444100109,26.82293776473204,38.17066148863824,1866.5426025722297,1.0000825850300166
sigma[70],23.592158658978885,0.1783924426823813,7.223068602679398,12.914372297267331,18.341601892535017,22.606989831838717,27.550626841044828,40.2818871317136,1639.4213061191697,0.9986926565402903
sigma[71],23.845789438260795,0.13675879646153088,7.222564871636586,12.587329495920883,18.675546167492122,22.765225557844396,27.966997984967733,40.2378917167927,2789.1531537958977,1.0011768457823291
sigma[72],19.724115245662652,0.1351256326354268,6.438392316832343,10.526429174088898,15.032054726909216,18.736289106494404,23.202617552617372,34.97737838535431,2270.2798385594324,1.00042050728223
sigma[73],20.242838191675183,0.15193607728297118,6.6986529235378995,10.76116197804696,15.341006268501559,19.005725979429133,23.76213629543432,37.595515566100545,1943.8069636359508,1.000664146450998
sigma[74],21.95246648970485,0.13522369175166166,7.008055835900733,11.608934166398399,16.80873468748219,20.70712459941495,25.992928290784917,38.920322473032755,2685.898086433196,1.0005953550122924
sigma[75],23.163482521450884,0.15100887852356534,6.79536114900881,12.698355565264958,18.33507772153394,22.206957000910258,26.946488935316573,38.50369883023244,2024.9771232001483,0.9990477477799574
sigma[76],21.569911689358133,0.1466356019131918,6.651951566483598,11.800985406727534,16.72272986727895,20.595742378945033,24.99177800034402,38.23033692069091,2057.8764840719305,1.001284400014645
sigma[77],22.14066035331972,0.13989333530313974,6.888126646706535,12.061402749819678,17.092565616087526,21.005695719262107,25.854812842728915,38.91947687553993,2424.4218969913745,0.9998459900230783
sigma[78],23.343306795503196,0.13061808379593703,7.036916296006962,12.38589923889975,18.389171926700552,22.290351884058758,27.253249977727975,40.19200481277559,2902.4059371221397,0.9987954199660211
lp__,-2263.4988204053875,6.723313881193916,40.173143086881836,-2340.134975589175,-2292.5634316390942,-2262.079636470455,-2235.69234816244,-2187.537802898276,35.70301145659732,1.0984461209889027
